project_id,title,type,company,description,timeline,major_risks_outcome,lessons_learned
01_ev_battery_gigafactory,ForgeNova EV Battery Gigafactory Expansion,Manufacturing,ForgeNova,Scale-up of next-generation battery production line,Jan 2024 - Dec 2025,Supply chain delays and welding defects caused 6-week delay; resolved with dual sourcing and digital twin testing.,Antifragility comes from treating every delay as a signal to strengthen the supply chain rather than rushing forward.
02_autonomous_driving_platform,ForgeNova Autonomous Driving Platform Development,Software & Hardware,ForgeNova,Development of Level 4 autonomous driving system for consumer vehicles,Mar 2024 - Jun 2026,Regulatory approval delays and sensor integration issues; resolved through iterative virtual validation.,True antifragility means designing systems that improve with every regulatory or technical surprise.
03_connected_vehicle_ota,ForgeNova Electric SUV Launch Program,Software,ForgeNova,Over-the-air software update infrastructure for entire vehicle fleet,Sep 2023 - Mar 2025,Security vulnerabilities discovered during rollout; fixed with zero-trust architecture.,Antifragility in software means turning every security incident into a stronger defense layer.
04_assembly_line_automation,ForgeNova Quantum Secure Software Platform,Manufacturing,ForgeNova,Full robotic automation of final assembly line,Nov 2023 - Aug 2024,Integration delays with legacy PLCs; overcome with incremental rollout.,Antifragility emerges when we treat every integration failure as an opportunity to redesign the system stronger.
05_supply_chain_optimization,ForgeNova Hydrogen Fuel Cell Vehicle Program,Operations,ForgeNova,AI-driven supply chain visibility and predictive analytics,Q2 2024 - Q1 2025,Geopolitical disruptions caused shortages; mitigated by dual sourcing and real-time monitoring.,Antifragility is built by listening to system signals instead of imposing rigid plans.
06_cybersecurity_compliance,ForgeNova Connected Car Ecosystem Platform,Security,ForgeNova,Full SOC 2 + ISO 27001 certification across all IT systems,Jan 2024 - Dec 2024,Initial audit failures due to shadow IT; resolved with automated compliance guardrails.,Security systems become antifragile when they continuously question their own assumptions.
07_sdv_architecture_migration,ForgeNova Battery Recycling & Second-Life Program,Architecture,ForgeNova,Migration from traditional ECU to centralized SDV platform,Apr 2024 - Dec 2025,Hardware-software co-design complexity; solved with virtual validation at scale.,Antifragility is achieved when we design vehicles that improve themselves daily through software.
08_quality_recall_prevention,ForgeNova AI Driver Assistance System,Quality,ForgeNova,AI-powered early defect detection across manufacturing,Jul 2024 - Jun 2025,Major recall nearly occurred due to welding defects; prevented by proactive AI monitoring.,Quality is not an outcome but a philosophy — continuous improvement turns potential failures into strength.
09_internal_erp_migration,ForgeNova Global ERP System Migration,Digital Transformation,ForgeNova IT,Full migration of legacy Oracle ERP to SAP S/4HANA across 28 plants,Jan 2023 - Jun 2024,Major data migration failures in finance module; resolved by phased cutover.,Antifragility comes from building optionality (parallel run strategy).
10_cloud_migration_aws,ForgeNova Multi-Cloud Infrastructure Modernization,Infrastructure Modernization,ForgeNova IT,Lift-and-shift + re-architecture of 180+ applications,Mar 2024 - May 2025,Security compliance issues; resolved by Cloud Center of Excellence.,Antifragility means turning every security or cost surprise into system strength.
11_cybersecurity_zero_trust,ForgeNova Enterprise Cybersecurity Enhancement Program,Cybersecurity,ForgeNova IT,Enterprise-wide Zero Trust rollout,Sep 2023 - Aug 2024,User friction led to shadow IT; resolved with strong change management.,Antifragility in security means treating every attempted breach as a training signal.
12_data_lake_platform,ForgeNova Data Analytics & Business Intelligence Platform,Data & Analytics,ForgeNova IT,Centralized data lake for engineering and sales data,Nov 2023 - Aug 2024,Data quality issues almost derailed adoption; resolved with embedded data stewards.,Data projects become antifragile when quality is treated as a philosophy.
13_ai_ops_platform,ForgeNova DevOps Pipeline Transformation,AI & Operations,ForgeNova IT,AI-driven incident prediction across 4000+ servers,Feb 2024 - Oct 2024,Model drift caused false positives; fixed by continuous retraining.,Antifragility in AI means building systems that improve themselves every time they fail.
14_identity_access_management,ForgeNova Digital Twin Factory Initiative,Security & Compliance,ForgeNova IT,Migration to Okta + custom RBAC,Jun 2023 - Apr 2024,Privilege creep discovered; resolved with automated access reviews.,Security systems become antifragile when they continuously question their own assumptions.
15_digital_twin_factory,ForgeNova Employee Experience Platform,Industry 4.0,ForgeNova IT,Real-time digital twin for all assembly lines,Oct 2023 - Dec 2024,Integration complexity with legacy PLCs; overcome with incremental rollout.,Digital twins gain antifragility when they simulate failures before they happen.
16_low_code_platform,ForgeNova Global Supply Chain Visibility Platform,Citizen Development,ForgeNova IT,Democratizing app development with Power Platform + Mendix,Jan 2024 - Aug 2024,Governance concerns addressed by Center of Excellence.,Antifragility emerges when we empower people instead of controlling every line of code.
17_api_management_platform,ForgeNova Software Defined Vehicle Platform,Integration,ForgeNova IT,Centralized API platform using Azure API Management,Apr 2024 - Oct 2024,Rate limiting issues in peak periods; resolved with adaptive throttling.,Integration systems become antifragile when they learn from traffic patterns.
18_devsecops_pipeline,ForgeNova Next-Generation Battery Technology Program,Developer Experience,ForgeNova IT,Shift-left security across 120+ teams,Jul 2023 - Jul 2024,Developer resistance overcome through gamification.,Culture change is the ultimate antifragile lever.
19_future_ev_battery_solid_state,ForgeNova Urban Air Mobility Initiative,Next-Gen Technology,ForgeNova R&D + IT,Scale solid-state battery technology from pilot to production,Q1 2026 - Q4 2028,Thermal runaway challenges in pilots; resolved with digital twin testing.,Antifragility is achieved when we treat every technical failure as a signal to strengthen the system.
20_future_autonomous_fleet_orchestration,ForgeNova Blockchain-Enabled Supply Chain Transparency,Mobility-as-a-Service,ForgeNova IT + Mobility,End-to-end platform for 10,000+ Level 4 vehicles,Q2 2026 - Q3 2028,Regulatory delays; overcome by modular compliance layers.
21_future_ai_driven_predictive_maintenance,ForgeNova AI-Powered Quality Control System,AI & Operations,ForgeNova Manufacturing IT,Next-generation multimodal AI predictive maintenance,Q4 2026 - Q2 2028,Model explainability issues; resolved with human-AI dashboards.,Antifragility in AI systems emerges when we keep humans in the loop.
22_future_enterprise_genai_platform,ForgeNova Enterprise Sustainability Dashboard,AI Transformation,ForgeNova IT,Secure governed GenAI platform for 50,000+ employees,Q1 2027 - Q4 2028,Data leakage concerns; addressed with private LLM clusters.
23_future_sdv_software_defined_vehicle_2,ForgeNova Autonomous Logistics Network,Vehicle Architecture,ForgeNova Engineering + IT,Complete shift to software-first vehicle architecture,Q3 2026 - Q1 2028,Hardware-software co-design complexity; solved with virtual validation.,Antifragility is built when we design vehicles that improve themselves daily through software.
24_future_zero_trust_2.0,ForgeNova Circular Economy Platform,Cybersecurity,ForgeNova IT Security,Evolution to continuous adaptive trust using behavioral AI,Q2 2027 - Q3 2028,User experience degradation; mitigated with adaptive risk scoring.,Security systems become antifragile when they adapt in real time.
25_future_sustainability_digital_twin,ForgeNova AI Ethics and Governance Framework,ESG & Operations,ForgeNova Sustainability + IT,Real-time carbon tracking digital twin,Q1 2026 - Q4 2027,Data accuracy across supply chain; resolved with blockchain feeds.,Antifragility in sustainability comes from making every emission data point visible.
26_future_quantum_safe_cryptography,ForgeNova Advanced Sustainability Intelligence Platform,Future-Proof Security,ForgeNova IT Security,Proactive migration to post-quantum algorithms,Q3 2026 - Q2 2028,Performance overhead; managed through phased hybrid cryptography.,The most antifragile systems prepare for threats that do not yet exist.